"filename", "language", "JSON", "Markdown", "JSON with Comments", "TypeScript", "JavaScript", "TypeScript JSX", "CSS", "Python", "HTML", "XML", "comment", "blank", "total"
"d:\life\code\moyu\.trae\documents\NPC查询信息交互统一添加弹窗显示计划.md", "Markdown", 0, 259, 0, 0, 0, 0, 0, 0, 0, 0, 0, 58, 317
"d:\life\code\moyu\.trae\documents\boss-refresh-bug-plan.md", "Markdown", 0, 25, 0, 0, 0, 0, 0, 0, 0, 0, 0, 16, 41
"d:\life\code\moyu\.trae\documents\boss-spawn-system-plan.md", "Markdown", 0, 123, 0, 0, 0, 0, 0, 0, 0, 0, 0, 29, 152
"d:\life\code\moyu\.trae\documents\character-level-up-logic-refactoring-plan.md", "Markdown", 0, 262, 0, 0, 0, 0, 0, 0, 0, 0, 0, 73, 335
"d:\life\code\moyu\.trae\documents\character-merit-battle-exp-functions-plan.md", "Markdown", 0, 153, 0, 0, 0, 0, 0, 0, 0, 0, 0, 40, 193
"d:\life\code\moyu\.trae\documents\create-monster-attributes-skill.md", "Markdown", 0, 65, 0, 0, 0, 0, 0, 0, 0, 0, 0, 13, 78
"d:\life\code\moyu\.trae\documents\daily-task-officer-interaction-optimization-plan.md", "Markdown", 0, 263, 0, 0, 0, 0, 0, 0, 0, 0, 0, 79, 342
"d:\life\code\moyu\.trae\documents\daily-task-officer-optimization-plan.md", "Markdown", 0, 408, 0, 0, 0, 0, 0, 0, 0, 0, 0, 113, 521
"d:\life\code\moyu\.trae\documents\equipment-inventory-integration-plan.md", "Markdown", 0, 114, 0, 0, 0, 0, 0, 0, 0, 0, 0, 23, 137
"d:\life\code\moyu\.trae\documents\equipment-refiner-enhancement-plan.md", "Markdown", 0, 140, 0, 0, 0, 0, 0, 0, 0, 0, 0, 33, 173
"d:\life\code\moyu\.trae\documents\equipment_refine_improvement_plan.md", "Markdown", 0, 33, 0, 0, 0, 0, 0, 0, 0, 0, 0, 11, 44
"d:\life\code\moyu\.trae\documents\explorer-npc-trigger-plan.md", "Markdown", 0, 153, 0, 0, 0, 0, 0, 0, 0, 0, 0, 27, 180
"d:\life\code\moyu\.trae\documents\fix-battle-character-attributes.md", "Markdown", 0, 93, 0, 0, 0, 0, 0, 0, 0, 0, 0, 24, 117
"d:\life\code\moyu\.trae\documents\fix-equipment-name-display.md", "Markdown", 0, 66, 0, 0, 0, 0, 0, 0, 0, 0, 0, 22, 88
"d:\life\code\moyu\.trae\documents\fix-experience-calculation-bug-plan.md", "Markdown", 0, 191, 0, 0, 0, 0, 0, 0, 0, 0, 0, 62, 253
"d:\life\code\moyu\.trae\documents\fix-merged-pet-damage-overflow.md", "Markdown", 0, 118, 0, 0, 0, 0, 0, 0, 0, 0, 0, 29, 147
"d:\life\code\moyu\.trae\documents\fix-pet-merge-battle-logic.md", "Markdown", 0, 208, 0, 0, 0, 0, 0, 0, 0, 0, 0, 38, 246
"d:\life\code\moyu\.trae\documents\fix-refine-gem-clear.md", "Markdown", 0, 59, 0, 0, 0, 0, 0, 0, 0, 0, 0, 26, 85
"d:\life\code\moyu\.trae\documents\fix-wumingshi-level.md", "Markdown", 0, 90, 0, 0, 0, 0, 0, 0, 0, 0, 0, 40, 130
"d:\life\code\moyu\.trae\documents\floating-text-component-plan.md", "Markdown", 0, 166, 0, 0, 0, 0, 0, 0, 0, 0, 0, 52, 218
"d:\life\code\moyu\.trae\documents\global-page-style-adjustment-plan.md", "Markdown", 0, 236, 0, 0, 0, 0, 0, 0, 0, 0, 0, 63, 299
"d:\life\code\moyu\.trae\documents\lint修复报告.md", "Markdown", 0, 63, 0, 0, 0, 0, 0, 0, 0, 0, 0, 26, 89
"d:\life\code\moyu\.trae\documents\local-map-pan-effect_plan.md", "Markdown", 0, 83, 0, 0, 0, 0, 0, 0, 0, 0, 0, 5, 88
"d:\life\code\moyu\.trae\documents\modal-top-spacing-plan.md", "Markdown", 0, 56, 0, 0, 0, 0, 0, 0, 0, 0, 0, 13, 69
"d:\life\code\moyu\.trae\documents\move-production-task-to-npc-modal.md", "Markdown", 0, 146, 0, 0, 0, 0, 0, 0, 0, 0, 0, 27, 173
"d:\life\code\moyu\.trae\documents\optimize-marshal-prime-minister-interaction-plan.md", "Markdown", 0, 112, 0, 0, 0, 0, 0, 0, 0, 0, 0, 34, 146
"d:\life\code\moyu\.trae\documents\optimize-skill-system.md", "Markdown", 0, 72, 0, 0, 0, 0, 0, 0, 0, 0, 0, 19, 91
"d:\life\code\moyu\.trae\documents\page-top-reserve-plan.md", "Markdown", 0, 154, 0, 0, 0, 0, 0, 0, 0, 0, 0, 49, 203
"d:\life\code\moyu\.trae\documents\pet-fusion-select-modal-optimization.md", "Markdown", 0, 57, 0, 0, 0, 0, 0, 0, 0, 0, 0, 25, 82
"d:\life\code\moyu\.trae\documents\pet-institute-optimization-plan.md", "Markdown", 0, 144, 0, 0, 0, 0, 0, 0, 0, 0, 0, 39, 183
"d:\life\code\moyu\.trae\documents\pk_match_optimization_plan.md", "Markdown", 0, 162, 0, 0, 0, 0, 0, 0, 0, 0, 0, 42, 204
"d:\life\code\moyu\.trae\documents\plan_20260315_060830.md", "Markdown", 0, 25, 0, 0, 0, 0, 0, 0, 0, 0, 0, 5, 30
"d:\life\code\moyu\.trae\documents\plan_20260315_062105.md", "Markdown", 0, 18, 0, 0, 0, 0, 0, 0, 0, 0, 0, 19, 37
"d:\life\code\moyu\.trae\documents\refactor_equipment_combat_power.md", "Markdown", 0, 84, 0, 0, 0, 0, 0, 0, 0, 0, 0, 37, 121
"d:\life\code\moyu\.trae\documents\remove-critical-and-optimize-skill-damage.md", "Markdown", 0, 267, 0, 0, 0, 0, 0, 0, 0, 0, 0, 80, 347
"d:\life\code\moyu\.trae\documents\save_data_audit_plan.md", "Markdown", 0, 119, 0, 0, 0, 0, 0, 0, 0, 0, 0, 25, 144
"d:\life\code\moyu\.trae\documents\unify-clothes-armor-naming.md", "Markdown", 0, 66, 0, 0, 0, 0, 0, 0, 0, 0, 0, 25, 91
"d:\life\code\moyu\.trae\documents\unify-mp-and-stamina-plan.md", "Markdown", 0, 168, 0, 0, 0, 0, 0, 0, 0, 0, 0, 49, 217
"d:\life\code\moyu\.trae\documents\zhanhun-maze-plan.md", "Markdown", 0, 92, 0, 0, 0, 0, 0, 0, 0, 0, 0, 26, 118
"d:\life\code\moyu\.trae\documents\修复主角战斗力属性undefined问题.md", "Markdown", 0, 54, 0, 0, 0, 0, 0, 0, 0, 0, 0, 16, 70
"d:\life\code\moyu\.trae\documents\修改怪物攻击力定义计划.md", "Markdown", 0, 143, 0, 0, 0, 0, 0, 0, 0, 0, 0, 56, 199
"d:\life\code\moyu\.trae\documents\升级所需经验优化计划.md", "Markdown", 0, 217, 0, 0, 0, 0, 0, 0, 0, 0, 0, 50, 267
"d:\life\code\moyu\.trae\documents\幸运值系统实现计划.md", "Markdown", 0, 205, 0, 0, 0, 0, 0, 0, 0, 0, 0, 57, 262
"d:\life\code\moyu\.trae\documents\幻兽升级逻辑重构计划.md", "Markdown", 0, 234, 0, 0, 0, 0, 0, 0, 0, 0, 0, 59, 293
"d:\life\code\moyu\.trae\documents\幻兽图标替换为头像显示计划.md", "Markdown", 0, 82, 0, 0, 0, 0, 0, 0, 0, 0, 0, 25, 107
"d:\life\code\moyu\.trae\documents\战斗系统修复计划.md", "Markdown", 0, 362, 0, 0, 0, 0, 0, 0, 0, 0, 0, 82, 444
"d:\life\code\moyu\.trae\documents\战斗页面点击查看详情功能实现计划.md", "Markdown", 0, 169, 0, 0, 0, 0, 0, 0, 0, 0, 0, 38, 207
"d:\life\code\moyu\.trae\documents\技能书学习系统实现计划.md", "Markdown", 0, 305, 0, 0, 0, 0, 0, 0, 0, 0, 0, 58, 363
"d:\life\code\moyu\.trae\documents\抽奖区装备品质提升计划.md", "Markdown", 0, 35, 0, 0, 0, 0, 0, 0, 0, 0, 0, 12, 47
"d:\life\code\moyu\.trae\documents\日常任务和人物获得经验时给战中幻兽增加相同经验.md", "Markdown", 0, 160, 0, 0, 0, 0, 0, 0, 0, 0, 0, 88, 248
"d:\life\code\moyu\.trae\documents\物品数据对比报告.md", "Markdown", 0, 140, 0, 0, 0, 0, 0, 0, 0, 0, 0, 53, 193
"d:\life\code\moyu\.trae\documents\物品模块统一化重构完成报告.md", "Markdown", 0, 101, 0, 0, 0, 0, 0, 0, 0, 0, 0, 29, 130
"d:\life\code\moyu\.trae\documents\物品模块统一化重构计划.md", "Markdown", 0, 123, 0, 0, 0, 0, 0, 0, 0, 0, 0, 38, 161
"d:\life\code\moyu\.trae\documents\物品系统重构计划.md", "Markdown", 0, 142, 0, 0, 0, 0, 0, 0, 0, 0, 0, 92, 234
"d:\life\code\moyu\.trae\documents\经验导师NPC实现计划.md", "Markdown", 0, 121, 0, 0, 0, 0, 0, 0, 0, 0, 0, 31, 152
"d:\life\code\moyu\.trae\documents\背包分类功能实现计划.md", "Markdown", 0, 91, 0, 0, 0, 0, 0, 0, 0, 0, 0, 20, 111
"d:\life\code\moyu\.trae\documents\装备图片关联计划.md", "Markdown", 0, 89, 0, 0, 0, 0, 0, 0, 0, 0, 0, 43, 132
"d:\life\code\moyu\.trae\documents\装备等级修复计划-110级调整为125级.md", "Markdown", 0, 109, 0, 0, 0, 0, 0, 0, 0, 0, 0, 71, 180
"d:\life\code\moyu\.trae\documents\装备精炼镶嵌宝石修复计划.md", "Markdown", 0, 41, 0, 0, 0, 0, 0, 0, 0, 0, 0, 10, 51
"d:\life\code\moyu\.trae\documents\装备精炼限制规则修改计划.md", "Markdown", 0, 201, 0, 0, 0, 0, 0, 0, 0, 0, 0, 37, 238
"d:\life\code\moyu\.trae\documents\魔域游戏项目实现计划.md", "Markdown", 0, 59, 0, 0, 0, 0, 0, 0, 0, 0, 0, 16, 75
"d:\life\code\moyu\.trae\skills\monster-attributes\SKILL.md", "Markdown", 0, 98, 0, 0, 0, 0, 0, 0, 0, 0, 0, 26, 124
"d:\life\code\moyu\.trae\specs\add-cover-page\checklist.md", "Markdown", 0, 10, 0, 0, 0, 0, 0, 0, 0, 0, 0, 1, 11
"d:\life\code\moyu\.trae\specs\add-cover-page\spec.md", "Markdown", 0, 74, 0, 0, 0, 0, 0, 0, 0, 0, 0, 23, 97
"d:\life\code\moyu\.trae\specs\add-cover-page\tasks.md", "Markdown", 0, 15, 0, 0, 0, 0, 0, 0, 0, 0, 0, 3, 18
"d:\life\code\moyu\.trae\specs\add-dungeon-locations\checklist.md", "Markdown", 0, 12, 0, 0, 0, 0, 0, 0, 0, 0, 0, 1, 13
"d:\life\code\moyu\.trae\specs\add-dungeon-locations\spec.md", "Markdown", 0, 150, 0, 0, 0, 0, 0, 0, 0, 0, 0, 36, 186
"d:\life\code\moyu\.trae\specs\add-dungeon-locations\tasks.md", "Markdown", 0, 39, 0, 0, 0, 0, 0, 0, 0, 0, 0, 10, 49
"d:\life\code\moyu\.trae\specs\add-equipment-refiner\checklist.md", "Markdown", 0, 107, 0, 0, 0, 0, 0, 0, 0, 0, 0, 12, 119
"d:\life\code\moyu\.trae\specs\add-equipment-refiner\spec.md", "Markdown", 0, 218, 0, 0, 0, 0, 0, 0, 0, 0, 0, 51, 269
"d:\life\code\moyu\.trae\specs\add-equipment-refiner\tasks.md", "Markdown", 0, 129, 0, 0, 0, 0, 0, 0, 0, 0, 0, 25, 154
"d:\life\code\moyu\.trae\specs\add-lottery-system\checklist.md", "Markdown", 0, 53, 0, 0, 0, 0, 0, 0, 0, 0, 0, 10, 63
"d:\life\code\moyu\.trae\specs\add-lottery-system\spec.md", "Markdown", 0, 170, 0, 0, 0, 0, 0, 0, 0, 0, 0, 35, 205
"d:\life\code\moyu\.trae\specs\add-lottery-system\tasks.md", "Markdown", 0, 68, 0, 0, 0, 0, 0, 0, 0, 0, 0, 15, 83
"d:\life\code\moyu\.trae\specs\add-monster-system\checklist.md", "Markdown", 0, 40, 0, 0, 0, 0, 0, 0, 0, 0, 0, 7, 47
"d:\life\code\moyu\.trae\specs\add-monster-system\spec.md", "Markdown", 0, 116, 0, 0, 0, 0, 0, 0, 0, 0, 0, 36, 152
"d:\life\code\moyu\.trae\specs\add-monster-system\tasks.md", "Markdown", 0, 50, 0, 0, 0, 0, 0, 0, 0, 0, 0, 8, 58
"d:\life\code\moyu\.trae\specs\add-npc-characters\checklist.md", "Markdown", 0, 69, 0, 0, 0, 0, 0, 0, 0, 0, 0, 13, 82
"d:\life\code\moyu\.trae\specs\add-npc-characters\spec.md", "Markdown", 0, 140, 0, 0, 0, 0, 0, 0, 0, 0, 0, 30, 170
"d:\life\code\moyu\.trae\specs\add-npc-characters\tasks.md", "Markdown", 0, 81, 0, 0, 0, 0, 0, 0, 0, 0, 0, 14, 95
"d:\life\code\moyu\.trae\specs\add-pet-fusion-system\checklist.md", "Markdown", 0, 21, 0, 0, 0, 0, 0, 0, 0, 0, 0, 1, 22
"d:\life\code\moyu\.trae\specs\add-pet-fusion-system\spec.md", "Markdown", 0, 179, 0, 0, 0, 0, 0, 0, 0, 0, 0, 43, 222
"d:\life\code\moyu\.trae\specs\add-pet-fusion-system\tasks.md", "Markdown", 0, 68, 0, 0, 0, 0, 0, 0, 0, 0, 0, 12, 80
"d:\life\code\moyu\.trae\specs\add-pet-system\checklist.md", "Markdown", 0, 32, 0, 0, 0, 0, 0, 0, 0, 0, 0, 7, 39
"d:\life\code\moyu\.trae\specs\add-pet-system\spec.md", "Markdown", 0, 84, 0, 0, 0, 0, 0, 0, 0, 0, 0, 23, 107
"d:\life\code\moyu\.trae\specs\add-pet-system\tasks.md", "Markdown", 0, 30, 0, 0, 0, 0, 0, 0, 0, 0, 0, 8, 38
"d:\life\code\moyu\.trae\specs\add-shop-system\checklist.md", "Markdown", 0, 90, 0, 0, 0, 0, 0, 0, 0, 0, 0, 14, 104
"d:\life\code\moyu\.trae\specs\add-shop-system\spec.md", "Markdown", 0, 223, 0, 0, 0, 0, 0, 0, 0, 0, 0, 42, 265
"d:\life\code\moyu\.trae\specs\add-shop-system\tasks.md", "Markdown", 0, 112, 0, 0, 0, 0, 0, 0, 0, 0, 0, 16, 128
"d:\life\code\moyu\.trae\specs\add-time-system\checklist.md", "Markdown", 0, 11, 0, 0, 0, 0, 0, 0, 0, 0, 0, 2, 13
"d:\life\code\moyu\.trae\specs\add-time-system\spec.md", "Markdown", 0, 64, 0, 0, 0, 0, 0, 0, 0, 0, 0, 17, 81
"d:\life\code\moyu\.trae\specs\add-time-system\tasks.md", "Markdown", 0, 18, 0, 0, 0, 0, 0, 0, 0, 0, 0, 6, 24
"d:\life\code\moyu\.trae\specs\add-war-soul-set-icon\checklist.md", "Markdown", 0, 34, 0, 0, 0, 0, 0, 0, 0, 0, 0, 6, 40
"d:\life\code\moyu\.trae\specs\add-war-soul-set-icon\spec.md", "Markdown", 0, 81, 0, 0, 0, 0, 0, 0, 0, 0, 0, 23, 104
"d:\life\code\moyu\.trae\specs\add-war-soul-set-icon\tasks.md", "Markdown", 0, 44, 0, 0, 0, 0, 0, 0, 0, 0, 0, 9, 53
"d:\life\code\moyu\.trae\specs\auto-pathfinding\checklist.md", "Markdown", 0, 10, 0, 0, 0, 0, 0, 0, 0, 0, 0, 0, 10
"d:\life\code\moyu\.trae\specs\auto-pathfinding\spec.md", "Markdown", 0, 68, 0, 0, 0, 0, 0, 0, 0, 0, 0, 15, 83
"d:\life\code\moyu\.trae\specs\auto-pathfinding\tasks.md", "Markdown", 0, 50, 0, 0, 0, 0, 0, 0, 0, 0, 0, 4, 54
"d:\life\code\moyu\.trae\specs\battle-system\checklist.md", "Markdown", 0, 21, 0, 0, 0, 0, 0, 0, 0, 0, 0, 3, 24
"d:\life\code\moyu\.trae\specs\battle-system\spec.md", "Markdown", 0, 120, 0, 0, 0, 0, 0, 0, 0, 0, 0, 121, 241
"d:\life\code\moyu\.trae\specs\battle-system\tasks.md", "Markdown", 0, 170, 0, 0, 0, 0, 0, 0, 0, 0, 0, 15, 185
"d:\life\code\moyu\.trae\specs\build-save-system\checklist.md", "Markdown", 0, 13, 0, 0, 0, 0, 0, 0, 0, 0, 0, 1, 14
"d:\life\code\moyu\.trae\specs\build-save-system\spec.md", "Markdown", 0, 77, 0, 0, 0, 0, 0, 0, 0, 0, 0, 32, 109
"d:\life\code\moyu\.trae\specs\build-save-system\tasks.md", "Markdown", 0, 18, 0, 0, 0, 0, 0, 0, 0, 0, 0, 5, 23
"d:\life\code\moyu\.trae\specs\character-info-page\checklist.md", "Markdown", 0, 97, 0, 0, 0, 0, 0, 0, 0, 0, 0, 16, 113
"d:\life\code\moyu\.trae\specs\character-info-page\spec.md", "Markdown", 0, 118, 0, 0, 0, 0, 0, 0, 0, 0, 0, 27, 145
"d:\life\code\moyu\.trae\specs\character-info-page\tasks.md", "Markdown", 0, 156, 0, 0, 0, 0, 0, 0, 0, 0, 0, 11, 167
"d:\life\code\moyu\.trae\specs\enable-war-soul-system\checklist.md", "Markdown", 0, 62, 0, 0, 0, 0, 0, 0, 0, 0, 0, 11, 73
"d:\life\code\moyu\.trae\specs\enable-war-soul-system\spec.md", "Markdown", 0, 148, 0, 0, 0, 0, 0, 0, 0, 0, 0, 39, 187
"d:\life\code\moyu\.trae\specs\enable-war-soul-system\tasks.md", "Markdown", 0, 90, 0, 0, 0, 0, 0, 0, 0, 0, 0, 17, 107
"d:\life\code\moyu\.trae\specs\fix-daily-init-duplicate\checklist.md", "Markdown", 0, 6, 0, 0, 0, 0, 0, 0, 0, 0, 0, 2, 8
"d:\life\code\moyu\.trae\specs\fix-daily-init-duplicate\spec.md", "Markdown", 0, 24, 0, 0, 0, 0, 0, 0, 0, 0, 0, 12, 36
"d:\life\code\moyu\.trae\specs\fix-daily-init-duplicate\tasks.md", "Markdown", 0, 13, 0, 0, 0, 0, 0, 0, 0, 0, 0, 5, 18
"d:\life\code\moyu\.trae\specs\integrate-pet-battle\checklist.md", "Markdown", 0, 41, 0, 0, 0, 0, 0, 0, 0, 0, 0, 10, 51
"d:\life\code\moyu\.trae\specs\integrate-pet-battle\spec.md", "Markdown", 0, 86, 0, 0, 0, 0, 0, 0, 0, 0, 0, 26, 112
"d:\life\code\moyu\.trae\specs\integrate-pet-battle\tasks.md", "Markdown", 0, 46, 0, 0, 0, 0, 0, 0, 0, 0, 0, 10, 56
"d:\life\code\moyu\.trae\specs\interaction-system\checklist.md", "Markdown", 0, 39, 0, 0, 0, 0, 0, 0, 0, 0, 0, 7, 46
"d:\life\code\moyu\.trae\specs\interaction-system\spec.md", "Markdown", 0, 86, 0, 0, 0, 0, 0, 0, 0, 0, 0, 24, 110
"d:\life\code\moyu\.trae\specs\interaction-system\tasks.md", "Markdown", 0, 58, 0, 0, 0, 0, 0, 0, 0, 0, 0, 11, 69
"d:\life\code\moyu\.trae\specs\inventory-page\checklist.md", "Markdown", 0, 56, 0, 0, 0, 0, 0, 0, 0, 0, 0, 14, 70
"d:\life\code\moyu\.trae\specs\inventory-page\spec.md", "Markdown", 0, 62, 0, 0, 0, 0, 0, 0, 0, 0, 0, 20, 82
"d:\life\code\moyu\.trae\specs\inventory-page\tasks.md", "Markdown", 0, 52, 0, 0, 0, 0, 0, 0, 0, 0, 0, 10, 62
"d:\life\code\moyu\.trae\specs\optimize-battle-integration\checklist.md", "Markdown", 0, 63, 0, 0, 0, 0, 0, 0, 0, 0, 0, 19, 82
"d:\life\code\moyu\.trae\specs\optimize-battle-integration\spec.md", "Markdown", 0, 96, 0, 0, 0, 0, 0, 0, 0, 0, 0, 34, 130
"d:\life\code\moyu\.trae\specs\optimize-battle-integration\tasks.md", "Markdown", 0, 160, 0, 0, 0, 0, 0, 0, 0, 0, 0, 13, 173
"d:\life\code\moyu\.trae\specs\optimize-character-equipment-system\checklist.md", "Markdown", 0, 34, 0, 0, 0, 0, 0, 0, 0, 0, 0, 6, 40
"d:\life\code\moyu\.trae\specs\optimize-character-equipment-system\spec.md", "Markdown", 0, 127, 0, 0, 0, 0, 0, 0, 0, 0, 0, 31, 158
"d:\life\code\moyu\.trae\specs\optimize-character-equipment-system\tasks.md", "Markdown", 0, 36, 0, 0, 0, 0, 0, 0, 0, 0, 0, 9, 45
"d:\life\code\moyu\.trae\specs\optimize-king-system\checklist.md", "Markdown", 0, 44, 0, 0, 0, 0, 0, 0, 0, 0, 0, 11, 55
"d:\life\code\moyu\.trae\specs\optimize-king-system\spec.md", "Markdown", 0, 90, 0, 0, 0, 0, 0, 0, 0, 0, 0, 28, 118
"d:\life\code\moyu\.trae\specs\optimize-king-system\tasks.md", "Markdown", 0, 40, 0, 0, 0, 0, 0, 0, 0, 0, 0, 11, 51
"d:\life\code\moyu\.trae\specs\optimize-map-challenge\checklist.md", "Markdown", 0, 53, 0, 0, 0, 0, 0, 0, 0, 0, 0, 11, 64
"d:\life\code\moyu\.trae\specs\optimize-map-challenge\spec.md", "Markdown", 0, 100, 0, 0, 0, 0, 0, 0, 0, 0, 0, 36, 136
"d:\life\code\moyu\.trae\specs\optimize-map-challenge\tasks.md", "Markdown", 0, 34, 0, 0, 0, 0, 0, 0, 0, 0, 0, 10, 44
"d:\life\code\moyu\.trae\specs\optimize-pet-institute\checklist.md", "Markdown", 0, 9, 0, 0, 0, 0, 0, 0, 0, 0, 0, 2, 11
"d:\life\code\moyu\.trae\specs\optimize-pet-institute\spec.md", "Markdown", 0, 46, 0, 0, 0, 0, 0, 0, 0, 0, 0, 17, 63
"d:\life\code\moyu\.trae\specs\optimize-pet-institute\tasks.md", "Markdown", 0, 23, 0, 0, 0, 0, 0, 0, 0, 0, 0, 8, 31
"d:\life\code\moyu\.trae\specs\optimize-princess-npc\checklist.md", "Markdown", 0, 50, 0, 0, 0, 0, 0, 0, 0, 0, 0, 10, 60
"d:\life\code\moyu\.trae\specs\optimize-princess-npc\spec.md", "Markdown", 0, 220, 0, 0, 0, 0, 0, 0, 0, 0, 0, 38, 258
"d:\life\code\moyu\.trae\specs\optimize-princess-npc\tasks.md", "Markdown", 0, 48, 0, 0, 0, 0, 0, 0, 0, 0, 0, 10, 58
"d:\life\code\moyu\.trae\specs\optimize-war-soul-equipment\checklist.md", "Markdown", 0, 35, 0, 0, 0, 0, 0, 0, 0, 0, 0, 7, 42
"d:\life\code\moyu\.trae\specs\optimize-war-soul-equipment\spec.md", "Markdown", 0, 87, 0, 0, 0, 0, 0, 0, 0, 0, 0, 24, 111
"d:\life\code\moyu\.trae\specs\optimize-war-soul-equipment\tasks.md", "Markdown", 0, 50, 0, 0, 0, 0, 0, 0, 0, 0, 0, 12, 62
"d:\life\code\moyu\.trae\specs\refactor-components\checklist.md", "Markdown", 0, 57, 0, 0, 0, 0, 0, 0, 0, 0, 0, 12, 69
"d:\life\code\moyu\.trae\specs\refactor-components\spec.md", "Markdown", 0, 64, 0, 0, 0, 0, 0, 0, 0, 0, 0, 17, 81
"d:\life\code\moyu\.trae\specs\refactor-components\tasks.md", "Markdown", 0, 67, 0, 0, 0, 0, 0, 0, 0, 0, 0, 13, 80
"d:\life\code\moyu\.trae\specs\refactor-local-map-no-svg\checklist.md", "Markdown", 0, 13, 0, 0, 0, 0, 0, 0, 0, 0, 0, 2, 15
"d:\life\code\moyu\.trae\specs\refactor-local-map-no-svg\spec.md", "Markdown", 0, 54, 0, 0, 0, 0, 0, 0, 0, 0, 0, 15, 69
"d:\life\code\moyu\.trae\specs\refactor-local-map-no-svg\tasks.md", "Markdown", 0, 24, 0, 0, 0, 0, 0, 0, 0, 0, 0, 6, 30
"d:\life\code\moyu\.trae\specs\refactor-pet-system\checklist.md", "Markdown", 0, 54, 0, 0, 0, 0, 0, 0, 0, 0, 0, 10, 64
"d:\life\code\moyu\.trae\specs\refactor-pet-system\spec.md", "Markdown", 0, 89, 0, 0, 0, 0, 0, 0, 0, 0, 0, 25, 114
"d:\life\code\moyu\.trae\specs\refactor-pet-system\tasks.md", "Markdown", 0, 48, 0, 0, 0, 0, 0, 0, 0, 0, 0, 11, 59
"d:\life\code\moyu\.trae\specs\update-collector-npc\checklist.md", "Markdown", 0, 82, 0, 0, 0, 0, 0, 0, 0, 0, 0, 17, 99
"d:\life\code\moyu\.trae\specs\update-collector-npc\spec.md", "Markdown", 0, 144, 0, 0, 0, 0, 0, 0, 0, 0, 0, 35, 179
"d:\life\code\moyu\.trae\specs\update-collector-npc\tasks.md", "Markdown", 0, 65, 0, 0, 0, 0, 0, 0, 0, 0, 0, 14, 79
"d:\life\code\moyu\.trae\specs\update-explorer-npc\checklist.md", "Markdown", 0, 10, 0, 0, 0, 0, 0, 0, 0, 0, 0, 2, 12
"d:\life\code\moyu\.trae\specs\update-explorer-npc\spec.md", "Markdown", 0, 41, 0, 0, 0, 0, 0, 0, 0, 0, 0, 13, 54
"d:\life\code\moyu\.trae\specs\update-explorer-npc\tasks.md", "Markdown", 0, 15, 0, 0, 0, 0, 0, 0, 0, 0, 0, 5, 20
"d:\life\code\moyu\.trae\specs\world-map-system\checklist.md", "Markdown", 0, 36, 0, 0, 0, 0, 0, 0, 0, 0, 0, 4, 40
"d:\life\code\moyu\.trae\specs\world-map-system\spec.md", "Markdown", 0, 96, 0, 0, 0, 0, 0, 0, 0, 0, 0, 97, 193
"d:\life\code\moyu\.trae\specs\world-map-system\tasks.md", "Markdown", 0, 123, 0, 0, 0, 0, 0, 0, 0, 0, 0, 11, 134
"d:\life\code\moyu\AGENTS.md", "Markdown", 0, 10, 0, 0, 0, 0, 0, 0, 0, 0, 0, 9, 19
"d:\life\code\moyu\README.md", "Markdown", 0, 61, 0, 0, 0, 0, 0, 0, 0, 0, 0, 15, 76
"d:\life\code\moyu\enhance_equipment_images_v2.py", "Python", 0, 0, 0, 0, 0, 0, 0, 75, 0, 0, 17, 29, 121
"d:\life\code\moyu\enhance_images.py", "Python", 0, 0, 0, 0, 0, 0, 0, 128, 0, 0, 23, 34, 185
"d:\life\code\moyu\eslint.config.js", "JavaScript", 0, 0, 0, 0, 78, 0, 0, 0, 0, 0, 42, 37, 157
"d:\life\code\moyu\index.html", "HTML", 0, 0, 0, 0, 0, 0, 0, 0, 31, 0, 1, 1, 33
"d:\life\code\moyu\package-lock.json", "JSON", 6016, 0, 0, 0, 0, 0, 0, 0, 0, 0, 0, 1, 6017
"d:\life\code\moyu\package.json", "JSON", 42, 0, 0, 0, 0, 0, 0, 0, 0, 0, 0, 1, 43
"d:\life\code\moyu\process_equipment_images.py", "Python", 0, 0, 0, 0, 0, 0, 0, 69, 0, 0, 16, 28, 113
"d:\life\code\moyu\public\favicon.svg", "XML", 0, 0, 0, 0, 0, 0, 0, 0, 0, 1, 0, 0, 1
"d:\life\code\moyu\public\fonts\lxgwwenkai-local.css", "CSS", 0, 0, 0, 0, 0, 0, 776, 0, 0, 0, 97, 1, 874
"d:\life\code\moyu\public\icons.svg", "XML", 0, 0, 0, 0, 0, 0, 0, 0, 0, 24, 0, 1, 25
"d:\life\code\moyu\restore_equipment_images.py", "Python", 0, 0, 0, 0, 0, 0, 0, 38, 0, 0, 6, 17, 61
"d:\life\code\moyu\scripts\compressImages.mjs", "JavaScript", 0, 0, 0, 0, 133, 0, 0, 0, 0, 0, 37, 37, 207
"d:\life\code\moyu\scripts\enhanceImages.mjs", "JavaScript", 0, 0, 0, 0, 207, 0, 0, 0, 0, 0, 63, 53, 323
"d:\life\code\moyu\src\App.css", "CSS", 0, 0, 0, 0, 0, 0, 90, 0, 0, 0, 15, 17, 122
"d:\life\code\moyu\src\App.tsx", "TypeScript JSX", 0, 0, 0, 0, 0, 3049, 0, 0, 0, 0, 1053, 561, 4663
"d:\life\code\moyu\src\assets\react.svg", "XML", 0, 0, 0, 0, 0, 0, 0, 0, 0, 1, 0, 0, 1
"d:\life\code\moyu\src\assets\vite.svg", "XML", 0, 0, 0, 0, 0, 0, 0, 0, 0, 1, 0, 1, 2
"d:\life\code\moyu\src\components\README.md", "Markdown", 0, 152, 0, 0, 0, 0, 0, 0, 0, 0, 0, 30, 182
"d:\life\code\moyu\src\components\battle\ActionButtons.tsx", "TypeScript JSX", 0, 0, 0, 0, 0, 56, 0, 0, 0, 0, 26, 13, 95
"d:\life\code\moyu\src\components\battle\Battle.tsx", "TypeScript JSX", 0, 0, 0, 0, 0, 863, 0, 0, 0, 0, 359, 146, 1368
"d:\life\code\moyu\src\components\battle\BattleLog.tsx", "TypeScript JSX", 0, 0, 0, 0, 0, 96, 0, 0, 0, 0, 46, 22, 164
"d:\life\code\moyu\src\components\battle\CharacterCard.tsx", "TypeScript JSX", 0, 0, 0, 0, 0, 108, 0, 0, 0, 0, 61, 17, 186
"d:\life\code\moyu\src\components\battle\CharacterDetailModal.tsx", "TypeScript JSX", 0, 0, 0, 0, 0, 176, 0, 0, 0, 0, 51, 23, 250
"d:\life\code\moyu\src\components\battle\EnemyDetailModal.tsx", "TypeScript JSX", 0, 0, 0, 0, 0, 165, 0, 0, 0, 0, 47, 22, 234
"d:\life\code\moyu\src\components\battle\README.md", "Markdown", 0, 343, 0, 0, 0, 0, 0, 0, 0, 0, 0, 49, 392
"d:\life\code\moyu\src\components\battle\battle.css", "CSS", 0, 0, 0, 0, 0, 0, 909, 0, 0, 0, 129, 226, 1264
"d:\life\code\moyu\src\components\battle\index.ts", "TypeScript", 0, 0, 0, 4, 0, 0, 0, 0, 0, 0, 8, 2, 14
"d:\life\code\moyu\src\components\character\AttributeDetailTooltip.tsx", "TypeScript JSX", 0, 0, 0, 0, 0, 93, 0, 0, 0, 0, 43, 15, 151
"d:\life\code\moyu\src\components\character\CharacterInfo.tsx", "TypeScript JSX", 0, 0, 0, 0, 0, 191, 0, 0, 0, 0, 73, 33, 297
"d:\life\code\moyu\src\components\character\CharacterPage.tsx", "TypeScript JSX", 0, 0, 0, 0, 0, 170, 0, 0, 0, 0, 63, 29, 262
"d:\life\code\moyu\src\components\character\CombatPowerModal.tsx", "TypeScript JSX", 0, 0, 0, 0, 0, 162, 0, 0, 0, 0, 9, 22, 193
"d:\life\code\moyu\src\components\character\EquipmentDisplay.tsx", "TypeScript JSX", 0, 0, 0, 0, 0, 263, 0, 0, 0, 0, 69, 46, 378
"d:\life\code\moyu\src\components\character\EquipmentSelectModal.tsx", "TypeScript JSX", 0, 0, 0, 0, 0, 64, 0, 0, 0, 0, 29, 12, 105
"d:\life\code\moyu\src\components\character\README.md", "Markdown", 0, 57, 0, 0, 0, 0, 0, 0, 0, 0, 0, 15, 72
"d:\life\code\moyu\src\components\character\character.css", "CSS", 0, 0, 0, 0, 0, 0, 887, 0, 0, 0, 53, 162, 1102
"d:\life\code\moyu\src\components\character\index.ts", "TypeScript", 0, 0, 0, 5, 0, 0, 0, 0, 0, 0, 9, 6, 20
"d:\life\code\moyu\src\components\common\CollectorModal.css", "CSS", 0, 0, 0, 0, 0, 0, 516, 0, 0, 0, 31, 88, 635
"d:\life\code\moyu\src\components\common\CollectorModal.tsx", "TypeScript JSX", 0, 0, 0, 0, 0, 377, 0, 0, 0, 0, 97, 63, 537
"d:\life\code\moyu\src\components\common\DonationModal.tsx", "TypeScript JSX", 0, 0, 0, 0, 0, 116, 0, 0, 0, 0, 33, 23, 172
"d:\life\code\moyu\src\components\common\EnemyModal.tsx", "TypeScript JSX", 0, 0, 0, 0, 0, 80, 0, 0, 0, 0, 27, 13, 120
"d:\life\code\moyu\src\components\common\EquipmentDetailModal.css", "CSS", 0, 0, 0, 0, 0, 0, 551, 0, 0, 0, 36, 112, 699
"d:\life\code\moyu\src\components\common\EquipmentDetailModal.tsx", "TypeScript JSX", 0, 0, 0, 0, 0, 275, 0, 0, 0, 0, 77, 35, 387
"d:\life\code\moyu\src\components\common\EquipmentRefineModal.css", "CSS", 0, 0, 0, 0, 0, 0, 478, 0, 0, 0, 32, 85, 595
"d:\life\code\moyu\src\components\common\EquipmentRefineModal.md", "Markdown", 0, 168, 0, 0, 0, 0, 0, 0, 0, 0, 0, 42, 210
"d:\life\code\moyu\src\components\common\EquipmentRefineModal.tsx", "TypeScript JSX", 0, 0, 0, 0, 0, 317, 0, 0, 0, 0, 105, 48, 470
"d:\life\code\moyu\src\components\common\ExperienceExchangeModal.css", "CSS", 0, 0, 0, 0, 0, 0, 271, 0, 0, 0, 19, 50, 340
"d:\life\code\moyu\src\components\common\ExperienceExchangeModal.tsx", "TypeScript JSX", 0, 0, 0, 0, 0, 183, 0, 0, 0, 0, 47, 32, 262
"d:\life\code\moyu\src\components\common\FloatingText.css", "CSS", 0, 0, 0, 0, 0, 0, 48, 0, 0, 0, 10, 7, 65
"d:\life\code\moyu\src\components\common\FloatingText.tsx", "TypeScript JSX", 0, 0, 0, 0, 0, 37, 0, 0, 0, 0, 16, 9, 62
"d:\life\code\moyu\src\components\common\FloatingTextManager.tsx", "TypeScript JSX", 0, 0, 0, 0, 0, 39, 0, 0, 0, 0, 18, 7, 64
"d:\life\code\moyu\src\components\common\GiftSelectModal.css", "CSS", 0, 0, 0, 0, 0, 0, 265, 0, 0, 0, 3, 44, 312
"d:\life\code\moyu\src\components\common\GiftSelectModal.tsx", "TypeScript JSX", 0, 0, 0, 0, 0, 186, 0, 0, 0, 0, 43, 35, 264
"d:\life\code\moyu\src\components\common\InfoModal.tsx", "TypeScript JSX", 0, 0, 0, 0, 0, 66, 0, 0, 0, 0, 24, 9, 99
"d:\life\code\moyu\src\components\common\NPCModal.tsx", "TypeScript JSX", 0, 0, 0, 0, 0, 64, 0, 0, 0, 0, 35, 13, 112
"d:\life\code\moyu\src\components\common\README.md", "Markdown", 0, 433, 0, 0, 0, 0, 0, 0, 0, 0, 0, 105, 538
"d:\life\code\moyu\src\components\common\common.css", "CSS", 0, 0, 0, 0, 0, 0, 313, 0, 0, 0, 16, 53, 382
"d:\life\code\moyu\src\components\common\constants.ts", "TypeScript", 0, 0, 0, 75, 0, 0, 0, 0, 0, 0, 36, 11, 122
"d:\life\code\moyu\src\components\common\index.ts", "TypeScript", 0, 0, 0, 11, 0, 0, 0, 0, 0, 0, 14, 11, 36
"d:\life\code\moyu\src\components\common\utils.ts", "TypeScript", 0, 0, 0, 59, 0, 0, 0, 0, 0, 0, 63, 16, 138
"d:\life\code\moyu\src\components\cover\CoverPage.tsx", "TypeScript JSX", 0, 0, 0, 0, 0, 27, 0, 0, 0, 0, 14, 6, 47
"d:\life\code\moyu\src\components\cover\README.md", "Markdown", 0, 25, 0, 0, 0, 0, 0, 0, 0, 0, 0, 11, 36
"d:\life\code\moyu\src\components\cover\cover.css", "CSS", 0, 0, 0, 0, 0, 0, 75, 0, 0, 0, 12, 13, 100
"d:\life\code\moyu\src\components\cover\index.ts", "TypeScript", 0, 0, 0, 1, 0, 0, 0, 0, 0, 0, 5, 2, 8
"d:\life\code\moyu\src\components\home\InteractionButtons.tsx", "TypeScript JSX", 0, 0, 0, 0, 0, 35, 0, 0, 0, 0, 17, 6, 58
"d:\life\code\moyu\src\components\home\InteractionLog.tsx", "TypeScript JSX", 0, 0, 0, 0, 0, 20, 0, 0, 0, 0, 9, 6, 35
"d:\life\code\moyu\src\components\home\LocalMap.tsx", "TypeScript JSX", 0, 0, 0, 0, 0, 223, 0, 0, 0, 0, 34, 42, 299
"d:\life\code\moyu\src\components\home\LocationHeader.tsx", "TypeScript JSX", 0, 0, 0, 0, 0, 28, 0, 0, 0, 0, 15, 4, 47
"d:\life\code\moyu\src\components\home\Menu.tsx", "TypeScript JSX", 0, 0, 0, 0, 0, 64, 0, 0, 0, 0, 34, 10, 108
"d:\life\code\moyu\src\components\home\README.md", "Markdown", 0, 116, 0, 0, 0, 0, 0, 0, 0, 0, 0, 18, 134
"d:\life\code\moyu\src\components\home\SceneDescription.tsx", "TypeScript JSX", 0, 0, 0, 0, 0, 14, 0, 0, 0, 0, 0, 4, 18
"d:\life\code\moyu\src\components\home\SoldierModal.tsx", "TypeScript JSX", 0, 0, 0, 0, 0, 56, 0, 0, 0, 0, 13, 9, 78
"d:\life\code\moyu\src\components\home\TimeDisplay.tsx", "TypeScript JSX", 0, 0, 0, 0, 0, 52, 0, 0, 0, 0, 26, 8, 86
"d:\life\code\moyu\src\components\home\WorldMap.tsx", "TypeScript JSX", 0, 0, 0, 0, 0, 191, 0, 0, 0, 0, 22, 30, 243
"d:\life\code\moyu\src\components\home\home.css", "CSS", 0, 0, 0, 0, 0, 0, 407, 0, 0, 0, 43, 72, 522
"d:\life\code\moyu\src\components\home\index.ts", "TypeScript", 0, 0, 0, 9, 0, 0, 0, 0, 0, 0, 12, 2, 23
"d:\life\code\moyu\src\components\index.ts", "TypeScript", 0, 0, 0, 9, 0, 0, 0, 0, 0, 0, 13, 10, 32
"d:\life\code\moyu\src\components\inventory\InventoryPage.tsx", "TypeScript JSX", 0, 0, 0, 0, 0, 162, 0, 0, 0, 0, 83, 27, 272
"d:\life\code\moyu\src\components\inventory\ItemDetailModal.css", "CSS", 0, 0, 0, 0, 0, 0, 840, 0, 0, 0, 58, 181, 1079
"d:\life\code\moyu\src\components\inventory\ItemDetailModal.tsx", "TypeScript JSX", 0, 0, 0, 0, 0, 305, 0, 0, 0, 0, 61, 42, 408
"d:\life\code\moyu\src\components\inventory\ItemGrid.tsx", "TypeScript JSX", 0, 0, 0, 0, 0, 109, 0, 0, 0, 0, 43, 20, 172
"d:\life\code\moyu\src\components\inventory\README.md", "Markdown", 0, 171, 0, 0, 0, 0, 0, 0, 0, 0, 0, 34, 205
"d:\life\code\moyu\src\components\inventory\ResourceDisplay.tsx", "TypeScript JSX", 0, 0, 0, 0, 0, 30, 0, 0, 0, 0, 22, 7, 59
"d:\life\code\moyu\src\components\inventory\UseItemTargetModal.css", "CSS", 0, 0, 0, 0, 0, 0, 205, 0, 0, 0, 5, 33, 243
"d:\life\code\moyu\src\components\inventory\UseItemTargetModal.tsx", "TypeScript JSX", 0, 0, 0, 0, 0, 78, 0, 0, 0, 0, 25, 13, 116
"d:\life\code\moyu\src\components\inventory\index.ts", "TypeScript", 0, 0, 0, 4, 0, 0, 0, 0, 0, 0, 8, 2, 14
"d:\life\code\moyu\src\components\inventory\inventory.css", "CSS", 0, 0, 0, 0, 0, 0, 1033, 0, 0, 0, 109, 217, 1359
"d:\life\code\moyu\src\components\lottery\LotteryArea.tsx", "TypeScript JSX", 0, 0, 0, 0, 0, 275, 0, 0, 0, 0, 84, 47, 406
"d:\life\code\moyu\src\components\lottery\LotteryBox.tsx", "TypeScript JSX", 0, 0, 0, 0, 0, 108, 0, 0, 0, 0, 50, 20, 178
"d:\life\code\moyu\src\components\lottery\README.md", "Markdown", 0, 108, 0, 0, 0, 0, 0, 0, 0, 0, 0, 32, 140
"d:\life\code\moyu\src\components\lottery\index.ts", "TypeScript", 0, 0, 0, 1, 0, 0, 0, 0, 0, 0, 4, 2, 7
"d:\life\code\moyu\src\components\lottery\lottery.css", "CSS", 0, 0, 0, 0, 0, 0, 289, 0, 0, 0, 26, 54, 369
"d:\life\code\moyu\src\components\pet\DeployedPetSlot.tsx", "TypeScript JSX", 0, 0, 0, 0, 0, 113, 0, 0, 0, 0, 55, 16, 184
"d:\life\code\moyu\src\components\pet\FusionHelpModal.tsx", "TypeScript JSX", 0, 0, 0, 0, 0, 112, 0, 0, 0, 0, 25, 14, 151
"d:\life\code\moyu\src\components\pet\FusionResultModal.tsx", "TypeScript JSX", 0, 0, 0, 0, 0, 54, 0, 0, 0, 0, 31, 10, 95
"d:\life\code\moyu\src\components\pet\FusionSettingsPanel.tsx", "TypeScript JSX", 0, 0, 0, 0, 0, 74, 0, 0, 0, 0, 45, 13, 132
"d:\life\code\moyu\src\components\pet\PetDetailModal.tsx", "TypeScript JSX", 0, 0, 0, 0, 0, 202, 0, 0, 0, 0, 53, 24, 279
"d:\life\code\moyu\src\components\pet\PetFusionModal.tsx", "TypeScript JSX", 0, 0, 0, 0, 0, 416, 0, 0, 0, 0, 179, 93, 688
"d:\life\code\moyu\src\components\pet\PetInstituteModal.css", "CSS", 0, 0, 0, 0, 0, 0, 240, 0, 0, 0, 9, 43, 292
"d:\life\code\moyu\src\components\pet\PetInstituteModal.tsx", "TypeScript JSX", 0, 0, 0, 0, 0, 178, 0, 0, 0, 0, 22, 32, 232
"d:\life\code\moyu\src\components\pet\PetListItem.tsx", "TypeScript JSX", 0, 0, 0, 0, 0, 90, 0, 0, 0, 0, 51, 14, 155
"d:\life\code\moyu\src\components\pet\PetPage.tsx", "TypeScript JSX", 0, 0, 0, 0, 0, 152, 0, 0, 0, 0, 83, 25, 260
"d:\life\code\moyu\src\components\pet\PetSelectModal.tsx", "TypeScript JSX", 0, 0, 0, 0, 0, 104, 0, 0, 0, 0, 68, 16, 188
"d:\life\code\moyu\src\components\pet\README.md", "Markdown", 0, 343, 0, 0, 0, 0, 0, 0, 0, 0, 0, 92, 435
"d:\life\code\moyu\src\components\pet\index.ts", "TypeScript", 0, 0, 0, 11, 0, 0, 0, 0, 0, 0, 14, 11, 36
"d:\life\code\moyu\src\components\pet\pet.css", "CSS", 0, 0, 0, 0, 0, 0, 1950, 0, 0, 0, 146, 363, 2459
"d:\life\code\moyu\src\components\settings\README.md", "Markdown", 0, 67, 0, 0, 0, 0, 0, 0, 0, 0, 0, 25, 92
"d:\life\code\moyu\src\components\settings\SettingsPage.tsx", "TypeScript JSX", 0, 0, 0, 0, 0, 88, 0, 0, 0, 0, 31, 12, 131
"d:\life\code\moyu\src\components\settings\index.ts", "TypeScript", 0, 0, 0, 1, 0, 0, 0, 0, 0, 0, 4, 1, 6
"d:\life\code\moyu\src\components\settings\settings.css", "CSS", 0, 0, 0, 0, 0, 0, 273, 0, 0, 0, 31, 44, 348
"d:\life\code\moyu\src\components\shop\README.md", "Markdown", 0, 133, 0, 0, 0, 0, 0, 0, 0, 0, 0, 31, 164
"d:\life\code\moyu\src\components\shop\ShopPage.tsx", "TypeScript JSX", 0, 0, 0, 0, 0, 394, 0, 0, 0, 0, 100, 72, 566
"d:\life\code\moyu\src\components\shop\index.ts", "TypeScript", 0, 0, 0, 1, 0, 0, 0, 0, 0, 0, 4, 2, 7
"d:\life\code\moyu\src\components\shop\shop.css", "CSS", 0, 0, 0, 0, 0, 0, 368, 0, 0, 0, 28, 62, 458
"d:\life\code\moyu\src\components\skill\README.md", "Markdown", 0, 84, 0, 0, 0, 0, 0, 0, 0, 0, 0, 23, 107
"d:\life\code\moyu\src\components\skill\SkillDetailModal.tsx", "TypeScript JSX", 0, 0, 0, 0, 0, 197, 0, 0, 0, 0, 33, 26, 256
"d:\life\code\moyu\src\components\skill\SkillList.tsx", "TypeScript JSX", 0, 0, 0, 0, 0, 59, 0, 0, 0, 0, 16, 11, 86
"d:\life\code\moyu\src\components\skill\SkillPage.tsx", "TypeScript JSX", 0, 0, 0, 0, 0, 98, 0, 0, 0, 0, 29, 19, 146
"d:\life\code\moyu\src\components\skill\index.ts", "TypeScript", 0, 0, 0, 3, 0, 0, 0, 0, 0, 0, 4, 2, 9
"d:\life\code\moyu\src\components\skill\skill.css", "CSS", 0, 0, 0, 0, 0, 0, 815, 0, 0, 0, 90, 172, 1077
"d:\life\code\moyu\src\data\battleData.ts", "TypeScript", 0, 0, 0, 174, 0, 0, 0, 0, 0, 0, 42, 13, 229
"d:\life\code\moyu\src\data\bossData.ts", "TypeScript", 0, 0, 0, 168, 0, 0, 0, 0, 0, 0, 39, 16, 223
"d:\life\code\moyu\src\data\characterData.ts", "TypeScript", 0, 0, 0, 168, 0, 0, 0, 0, 0, 0, 47, 19, 234
"d:\life\code\moyu\src\data\dailyTaskData.ts", "TypeScript", 0, 0, 0, 225, 0, 0, 0, 0, 0, 0, 73, 27, 325
"d:\life\code\moyu\src\data\equipmentImages.ts", "TypeScript", 0, 0, 0, 40, 0, 0, 0, 0, 0, 0, 27, 7, 74
"d:\life\code\moyu\src\data\equipmentNames.ts", "TypeScript", 0, 0, 0, 164, 0, 0, 0, 0, 0, 0, 64, 24, 252
"d:\life\code\moyu\src\data\gameData.ts", "TypeScript", 0, 0, 0, 270, 0, 0, 0, 0, 0, 0, 83, 17, 370
"d:\life\code\moyu\src\data\interactableData.ts", "TypeScript", 0, 0, 0, 191, 0, 0, 0, 0, 0, 0, 87, 42, 320
"d:\life\code\moyu\src\data\inventoryData.ts", "TypeScript", 0, 0, 0, 1216, 0, 0, 0, 0, 0, 0, 223, 104, 1543
"d:\life\code\moyu\src\data\itemImages.ts", "TypeScript", 0, 0, 0, 60, 0, 0, 0, 0, 0, 0, 19, 8, 87
"d:\life\code\moyu\src\data\mapChallengeData.ts", "TypeScript", 0, 0, 0, 278, 0, 0, 0, 0, 0, 0, 85, 14, 377
"d:\life\code\moyu\src\data\monsterData.ts", "TypeScript", 0, 0, 0, 1113, 0, 0, 0, 0, 0, 0, 162, 34, 1309
"d:\life\code\moyu\src\data\npcData.ts", "TypeScript", 0, 0, 0, 939, 0, 0, 0, 0, 0, 0, 209, 53, 1201
"d:\life\code\moyu\src\data\petData.ts", "TypeScript", 0, 0, 0, 37, 0, 0, 0, 0, 0, 0, 14, 11, 62
"d:\life\code\moyu\src\data\pkMatchData.ts", "TypeScript", 0, 0, 0, 155, 0, 0, 0, 0, 0, 0, 73, 23, 251
"d:\life\code\moyu\src\data\rankData.ts", "TypeScript", 0, 0, 0, 195, 0, 0, 0, 0, 0, 0, 97, 29, 321
"d:\life\code\moyu\src\data\shopData.ts", "TypeScript", 0, 0, 0, 347, 0, 0, 0, 0, 0, 0, 47, 12, 406
"d:\life\code\moyu\src\data\skillBooks.ts", "TypeScript", 0, 0, 0, 174, 0, 0, 0, 0, 0, 0, 30, 10, 214
"d:\life\code\moyu\src\data\skillData.ts", "TypeScript", 0, 0, 0, 216, 0, 0, 0, 0, 0, 0, 60, 29, 305
"d:\life\code\moyu\src\data\templates\interactionTemplates.ts", "TypeScript", 0, 0, 0, 135, 0, 0, 0, 0, 0, 0, 94, 12, 241
"d:\life\code\moyu\src\index.css", "CSS", 0, 0, 0, 0, 0, 0, 20, 0, 0, 0, 2, 4, 26
"d:\life\code\moyu\src\main.tsx", "TypeScript JSX", 0, 0, 0, 0, 0, 9, 0, 0, 0, 0, 0, 4, 13
"d:\life\code\moyu\src\types\index.ts", "TypeScript", 0, 0, 0, 826, 0, 0, 0, 0, 0, 0, 387, 128, 1341
"d:\life\code\moyu\src\utils\attributeCalculator.ts", "TypeScript", 0, 0, 0, 249, 0, 0, 0, 0, 0, 0, 106, 47, 402
"d:\life\code\moyu\src\utils\battleAdapter.ts", "TypeScript", 0, 0, 0, 331, 0, 0, 0, 0, 0, 0, 134, 50, 515
"d:\life\code\moyu\src\utils\battleCalculator.ts", "TypeScript", 0, 0, 0, 306, 0, 0, 0, 0, 0, 0, 159, 67, 532
"d:\life\code\moyu\src\utils\bossUtils.ts", "TypeScript", 0, 0, 0, 75, 0, 0, 0, 0, 0, 0, 51, 22, 148
"d:\life\code\moyu\src\utils\combatPower.ts", "TypeScript", 0, 0, 0, 242, 0, 0, 0, 0, 0, 0, 156, 69, 467
"d:\life\code\moyu\src\utils\dailyTaskStateUtils.ts", "TypeScript", 0, 0, 0, 197, 0, 0, 0, 0, 0, 0, 123, 52, 372
"d:\life\code\moyu\src\utils\dailyTaskUtils.ts", "TypeScript", 0, 0, 0, 504, 0, 0, 0, 0, 0, 0, 252, 110, 866
"d:\life\code\moyu\src\utils\equipmentConverter.ts", "TypeScript", 0, 0, 0, 240, 0, 0, 0, 0, 0, 0, 137, 51, 428
"d:\life\code\moyu\src\utils\equipmentRefine.md", "Markdown", 0, 364, 0, 0, 0, 0, 0, 0, 0, 0, 0, 78, 442
"d:\life\code\moyu\src\utils\equipmentRefine.ts", "TypeScript", 0, 0, 0, 744, 0, 0, 0, 0, 0, 0, 215, 121, 1080
"d:\life\code\moyu\src\utils\equipmentUtils.ts", "TypeScript", 0, 0, 0, 31, 0, 0, 0, 0, 0, 0, 27, 9, 67
"d:\life\code\moyu\src\utils\exchangeUtils.ts", "TypeScript", 0, 0, 0, 77, 0, 0, 0, 0, 0, 0, 66, 23, 166
"d:\life\code\moyu\src\utils\experienceUtils.ts", "TypeScript", 0, 0, 0, 9, 0, 0, 0, 0, 0, 0, 23, 4, 36
"d:\life\code\moyu\src\utils\gemSynthesisUtils.ts", "TypeScript", 0, 0, 0, 164, 0, 0, 0, 0, 0, 0, 72, 30, 266
"d:\life\code\moyu\src\utils\itemFactory.ts", "TypeScript", 0, 0, 0, 228, 0, 0, 0, 0, 0, 0, 158, 51, 437
"d:\life\code\moyu\src\utils\itemValueCalculator.ts", "TypeScript", 0, 0, 0, 93, 0, 0, 0, 0, 0, 0, 58, 26, 177
"d:\life\code\moyu\src\utils\lootUtils.ts", "TypeScript", 0, 0, 0, 149, 0, 0, 0, 0, 0, 0, 89, 35, 273
"d:\life\code\moyu\src\utils\lotterySystem.ts", "TypeScript", 0, 0, 0, 280, 0, 0, 0, 0, 0, 0, 154, 52, 486
"d:\life\code\moyu\src\utils\lovePowerSkill.ts", "TypeScript", 0, 0, 0, 63, 0, 0, 0, 0, 0, 0, 38, 13, 114
"d:\life\code\moyu\src\utils\luckUtils.ts", "TypeScript", 0, 0, 0, 26, 0, 0, 0, 0, 0, 0, 43, 8, 77
"d:\life\code\moyu\src\utils\mapChallengeUtils.ts", "TypeScript", 0, 0, 0, 211, 0, 0, 0, 0, 0, 0, 115, 39, 365
"d:\life\code\moyu\src\utils\militaryRankUtils.ts", "TypeScript", 0, 0, 0, 311, 0, 0, 0, 0, 0, 0, 140, 68, 519
"d:\life\code\moyu\src\utils\monsterUtils.ts", "TypeScript", 0, 0, 0, 69, 0, 0, 0, 0, 0, 0, 69, 23, 161
"d:\life\code\moyu\src\utils\nobleRankUtils.ts", "TypeScript", 0, 0, 0, 269, 0, 0, 0, 0, 0, 0, 146, 82, 497
"d:\life\code\moyu\src\utils\npcUtils.ts", "TypeScript", 0, 0, 0, 108, 0, 0, 0, 0, 0, 0, 91, 29, 228
"d:\life\code\moyu\src\utils\pathfinding.ts", "TypeScript", 0, 0, 0, 37, 0, 0, 0, 0, 0, 0, 7, 12, 56
"d:\life\code\moyu\src\utils\petFusion.ts", "TypeScript", 0, 0, 0, 316, 0, 0, 0, 0, 0, 0, 174, 84, 574
"d:\life\code\moyu\src\utils\petGenerator.ts", "TypeScript", 0, 0, 0, 418, 0, 0, 0, 0, 0, 0, 208, 73, 699
"d:\life\code\moyu\src\utils\petInstituteUtils.ts", "TypeScript", 0, 0, 0, 237, 0, 0, 0, 0, 0, 0, 136, 65, 438
"d:\life\code\moyu\src\utils\princessRelationUtils.ts", "TypeScript", 0, 0, 0, 598, 0, 0, 0, 0, 0, 0, 324, 99, 1021
"d:\life\code\moyu\src\utils\saveUtils.ts", "TypeScript", 0, 0, 0, 133, 0, 0, 0, 0, 0, 0, 85, 27, 245
"d:\life\code\moyu\src\utils\shopUtils.ts", "TypeScript", 0, 0, 0, 241, 0, 0, 0, 0, 0, 0, 107, 51, 399
"d:\life\code\moyu\src\utils\skillLearnUtils.ts", "TypeScript", 0, 0, 0, 91, 0, 0, 0, 0, 0, 0, 28, 15, 134
"d:\life\code\moyu\src\utils\skillUtils.ts", "TypeScript", 0, 0, 0, 101, 0, 0, 0, 0, 0, 0, 69, 32, 202
"d:\life\code\moyu\src\utils\useBackgroundMusic.ts", "TypeScript", 0, 0, 0, 81, 0, 0, 0, 0, 0, 0, 46, 14, 141
"d:\life\code\moyu\src\utils\warSoulDropUtils.ts", "TypeScript", 0, 0, 0, 273, 0, 0, 0, 0, 0, 0, 138, 32, 443
"d:\life\code\moyu\tests\petExperience.test.ts", "TypeScript", 0, 0, 0, 219, 0, 0, 0, 0, 0, 0, 21, 50, 290
"d:\life\code\moyu\tests\petSystem.test.js", "JavaScript", 0, 0, 0, 0, 517, 0, 0, 0, 0, 0, 56, 80, 653
"d:\life\code\moyu\tests\petSystem.test.ts", "TypeScript", 0, 0, 0, 527, 0, 0, 0, 0, 0, 0, 62, 81, 670
"d:\life\code\moyu\tests\princessRelation.test.ts", "TypeScript", 0, 0, 0, 669, 0, 0, 0, 0, 0, 0, 58, 90, 817
"d:\life\code\moyu\tests\runPetTests.ts", "TypeScript", 0, 0, 0, 18, 0, 0, 0, 0, 0, 0, 6, 6, 30
"d:\life\code\moyu\tests\幻兽系统测试结果报告.md", "Markdown", 0, 145, 0, 0, 0, 0, 0, 0, 0, 0, 0, 70, 215
"d:\life\code\moyu\tsconfig.app.json", "JSON", 24, 0, 0, 0, 0, 0, 0, 0, 0, 0, 2, 3, 29
"d:\life\code\moyu\tsconfig.json", "JSON with Comments", 0, 0, 7, 0, 0, 0, 0, 0, 0, 0, 0, 1, 8
"d:\life\code\moyu\tsconfig.node.json", "JSON", 22, 0, 0, 0, 0, 0, 0, 0, 0, 0, 2, 3, 27
"d:\life\code\moyu\vite.config.ts", "TypeScript", 0, 0, 0, 14, 0, 0, 0, 0, 0, 0, 2, 2, 18
"Total", "-", 6104, 18120, 7, 16234, 935, 11313, 11619, 310, 31, 27, 11342, 11691, 87733